{"cameraMode":{"drawMode":0,"name":"Shaded","section":"Shading Mode"},"sceneLighting":true,"audioPlay":false,"sceneViewState":{"m_AlwaysRefresh":false,"showFog":true,"showSkybox":true,"showFlares":true,"showImageEffects":true,"showParticleSystems":true,"showVisualEffectGraphs":true,"m_FxEnabled":true},"in2DMode":false,"pivot":{"x":-19.23128890991211,"y":-1.9465761184692383,"z":16.497962951660158},"rotation":{"x":0.17794010043144227,"y":-0.3196551501750946,"z":0.06123816594481468,"w":0.9286723732948303},"size":11.342475891113282,"orthographic":false}